{
    "intercept": -0.05109830210419175,
    "coefficients": {
        "diagonal": 0.002707321582185914,
        "height_left": -0.008901018785270194,
        "height_right": -0.011845985105195633,
        "length": 0.017883155796755378,
        "margin_up": -0.014384815909704649
    },
    "r2": 0.45728646295841957,
    "mae": 0.01749935018458254,
    "mse": 0.0005069718559383954,
    "rmse": 0.022516035528893523
}