{
    "0": {
        "precision": 0.9932885906040269,
        "recall": 0.9866666666666667,
        "f1-score": 0.9899665551839465,
        "support": 150.0
    },
    "1": {
        "precision": 0.9933554817275747,
        "recall": 0.9966666666666667,
        "f1-score": 0.9950083194675541,
        "support": 300.0
    },
    "accuracy": 0.9933333333333333,
    "macro avg": {
        "precision": 0.9933220361658008,
        "recall": 0.9916666666666667,
        "f1-score": 0.9924874373257503,
        "support": 450.0
    },
    "weighted avg": {
        "precision": 0.9933331846863921,
        "recall": 0.9933333333333333,
        "f1-score": 0.9933277313730183,
        "support": 450.0
    }
}