{
    "train_score": 0.9923809523809524,
    "test_score": 0.9933333333333333
}